Home|මුල් පිටුව|முகப்பு
Explore|ගවේෂණය|ஆராயுங்கள்
Map|සිතියම|வரைபடம்
Itinerary|ගමන් සැලැස්ම|பயணத் திட்டம்
Profile|පැතිකඩ|சுயவிவரம்
Navigation|මාර්ගෝපදේශය|வழிகாட்டல்
Route Guidance|මාර්ග මඟපෙන්වීම|வழிப் பயண வழிகாட்டல்
Explore Sri Lanka|ශ්‍රී ලංකාව ගවේෂණය කරන්න|இலங்கையை ஆராயுங்கள்
Welcome to HeritageWalk|HeritageWalk වෙත සාදරයෙන් පිළිගනිමු|HeritageWalk உங்களை வரவேற்கிறது
Discover heritage, save places and plan your next journey.|උරුමයන් සොයා, ස්ථාන සුරකින්න. ඔබේ ඊළඟ සංචාරය සැලසුම් කරන්න.|பாரம்பரியத்தை அறிந்து, இடங்களைச் சேமித்து, அடுத்த பயணத்தைத் திட்டமிடுங்கள்.
Quick Actions|ඉක්මන් ක්‍රියා|விரைவுச் செயல்கள்
Explore All Places|සියලු ස්ථාන බලන්න|அனைத்து இடங்களையும் பாருங்கள்
Explore Places|ස්ථාන ගවේෂණය|இடங்களை ஆராயுங்கள்
Plan a Tour|සංචාරයක් සැලසුම් කරන්න|சுற்றுலாவைத் திட்டமிடுங்கள்
My Favorites|මගේ ප්‍රියතම ස්ථාන|எனக்குப் பிடித்த இடங்கள்
My Itineraries|මගේ ගමන් සැලසුම්|எனது பயணத் திட்டங்கள்
Group Tours|කණ්ඩායම් සංචාර|குழுச் சுற்றுலாக்கள்
Explore by Category|වර්ගය අනුව බලන්න|வகை வாரியாக ஆராயுங்கள்
Featured Places|විශේෂ ස්ථාන|சிறப்பிடங்கள்
A few heritage places for your next journey|ඔබේ ඊළඟ ගමනට උරුම ස්ථාන කිහිපයක්|அடுத்த பயணத்திற்கான சில பாரம்பரிய இடங்கள்
No active places yet. Explore will show the catalog when it is available.|තවම සක්‍රිය ස්ථාන නැත. ලැයිස්තුව ලැබුණු විට ගවේෂණ පිටුවේ දිස්වේ.|செயலில் உள்ள இடங்கள் இன்னும் இல்லை. பட்டியல் கிடைக்கும்போது ஆராயும் பக்கத்தில் தோன்றும்.
Search heritage places|උරුම ස්ථාන සොයන්න|பாரம்பரிய இடங்களைத் தேடுங்கள்
Search heritage places...|උරුම ස්ථාන සොයන්න...|பாரம்பரிய இடங்களைத் தேடுங்கள்...
Name, city, district or category|නම, නගරය, දිස්ත්‍රික්කය හෝ වර්ගය|பெயர், நகரம், மாவட்டம் அல்லது வகை
Clear search|සෙවුම මකන්න|தேடலை அழிக்கவும்
All|සියල්ල|அனைத்தும்
Ancient Cities|පුරාණ නගර|பண்டைய நகரங்கள்
Temples|විහාර හා දේවාල|கோவில்கள்
Forts|බලකොටු|கோட்டைகள்
Nature|ස්වභාවධර්මය|இயற்கை
Architecture|ගෘහ නිර්මාණ|கட்டிடக்கலை
No places available|ස්ථාන නොමැත|இடங்கள் இல்லை
No places found|ස්ථාන හමු නොවීය|இடங்கள் கிடைக்கவில்லை
No places match your search.|ඔබේ සෙවුමට ගැළපෙන ස්ථාන නැත.|தேடலுக்குப் பொருத்தமான இடங்கள் இல்லை.
Active heritage places will appear here when available.|සක්‍රිය උරුම ස්ථාන ලැබුණු විට මෙහි දිස්වේ.|செயலில் உள்ள பாரம்பரிய இடங்கள் கிடைக்கும்போது இங்கு தோன்றும்.
Try another search or choose a different category.|වෙනත් සෙවුමක් හෝ වර්ගයක් තෝරන්න.|வேறு தேடல் அல்லது வகையைத் தேர்ந்தெடுங்கள்.
Try another search or category.|වෙනත් සෙවුමක් හෝ වර්ගයක් උත්සාහ කරන්න.|வேறு தேடல் அல்லது வகையை முயற்சியுங்கள்.
Reload places|ස්ථාන නැවත පූරණය කරන්න|இடங்களை மீளேற்றுங்கள்
Reload catalog|ලැයිස්තුව නැවත පූරණය කරන්න|பட்டியலை மீளேற்றுங்கள்
Welcome Back|නැවතත් සාදරයෙන් පිළිගනිමු|மீண்டும் வரவேற்கிறோம்
Sign in to continue your journey|ඔබේ සංචාරය ඉදිරියට ගෙන යාමට පිවිසෙන්න|பயணத்தைத் தொடர உள்நுழையுங்கள்
Email|විද්‍යුත් තැපෑල|மின்னஞ்சல்
Password|මුරපදය|கடவுச்சொல்
Forgot Password?|මුරපදය අමතකද?|கடவுச்சொல்லை மறந்துவிட்டீர்களா?
Sign In|පිවිසෙන්න|உள்நுழையுங்கள்
Sign Up|ලියාපදිංචි වන්න|பதிவு செய்யுங்கள்
Don't have an account?|ගිණුමක් නැද්ද?|கணக்கு இல்லையா?
Already have an account?|දැනටමත් ගිණුමක් තිබේද?|ஏற்கனவே கணக்கு உள்ளதா?
Continue with Google|Google සමඟ ඉදිරියට යන්න|Google மூலம் தொடருங்கள்
Create Account|ගිණුම සාදන්න|கணக்கை உருவாக்குங்கள்
Join HeritageWalk today|අදම HeritageWalk සමඟ එක්වන්න|இன்றே HeritageWalk இல் இணையுங்கள்
Full Name|සම්පූර්ණ නම|முழுப் பெயர்
Phone Number|දුරකථන අංකය|தொலைபேசி எண்
Phone|දුරකථනය|தொலைபேசி
Confirm Password|මුරපදය තහවුරු කරන්න|கடவுச்சொல்லை உறுதிப்படுத்துங்கள்
Email is required|විද්‍යුත් තැපෑල අවශ්‍යයි|மின்னஞ்சல் தேவை
Enter a valid email address|වලංගු විද්‍යුත් තැපැල් ලිපිනයක් ඇතුළත් කරන්න|செல்லுபடியான மின்னஞ்சலை உள்ளிடுங்கள்
Enter a valid email address.|වලංගු විද්‍යුත් තැපැල් ලිපිනයක් ඇතුළත් කරන්න.|செல்லுபடியான மின்னஞ்சலை உள்ளிடுங்கள்.
Password is required|මුරපදය අවශ්‍යයි|கடவுச்சொல் தேவை
Use at least 6 characters|අවම වශයෙන් අක්ෂර 6ක් යොදන්න|குறைந்தது 6 எழுத்துகளைப் பயன்படுத்துங்கள்
Choose a stronger password with at least 6 characters.|අවම අක්ෂර 6ක් සහිත ශක්තිමත් මුරපදයක් තෝරන්න.|குறைந்தது 6 எழுத்துகளுடன் வலுவான கடவுச்சொல்லைத் தேர்ந்தெடுங்கள்.
Full name is required|සම්පූර්ණ නම අවශ්‍යයි|முழுப் பெயர் தேவை
Enter at least 2 characters|අවම වශයෙන් අක්ෂර 2ක් ඇතුළත් කරන්න|குறைந்தது 2 எழுத்துகளை உள்ளிடுங்கள்
Confirm your password|ඔබේ මුරපදය තහවුරු කරන්න|கடவுச்சொல்லை உறுதிப்படுத்துங்கள்
Passwords must match|මුරපද දෙක ගැළපිය යුතුය|கடவுச்சொற்கள் பொருந்த வேண்டும்
Enter a valid phone number|වලංගු දුරකථන අංකයක් ඇතුළත් කරන්න|செல்லுபடியான தொலைபேசி எண்ணை உள்ளிடுங்கள்
Show password|මුරපදය පෙන්වන්න|கடவுச்சொல்லைக் காட்டுங்கள்
Hide password|මුරපදය සඟවන්න|கடவுச்சொல்லை மறையுங்கள்
Reset password|මුරපදය නැවත සකසන්න|கடவுச்சொல்லை மீட்டமைக்கவும்
Enter your email to request password reset instructions.|මුරපදය නැවත සැකසීමේ උපදෙස් ලබා ගැනීමට විද්‍යුත් තැපෑල ඇතුළත් කරන්න.|கடவுச்சொல் மீட்டமைப்பு வழிமுறைகளைப் பெற மின்னஞ்சலை உள்ளிடுங்கள்.
Send instructions|උපදෙස් යවන්න|வழிமுறைகளை அனுப்புங்கள்
Password reset instructions sent.|මුරපදය නැවත සැකසීමේ උපදෙස් යවන ලදී.|கடவுச்சொல் மீட்டமைப்பு வழிமுறைகள் அனுப்பப்பட்டன.
The email or password is incorrect.|විද්‍යුත් තැපෑල හෝ මුරපදය වැරදියි.|மின்னஞ்சல் அல்லது கடவுச்சொல் தவறானது.
An account already uses this email. Please sign in.|මෙම විද්‍යුත් තැපෑලට ගිණුමක් ඇත. කරුණාකර පිවිසෙන්න.|இந்த மின்னஞ்சலில் கணக்கு உள்ளது. உள்நுழையுங்கள்.
This account is disabled. Please contact support.|මෙම ගිණුම අක්‍රිය කර ඇත. සහාය අමතන්න.|இந்தக் கணக்கு முடக்கப்பட்டுள்ளது. உதவியைத் தொடர்புகொள்ளுங்கள்.
Too many attempts. Please wait and try again.|උත්සාහ වැඩියි. මඳක් රැඳී නැවත උත්සාහ කරන්න.|அதிக முயற்சிகள். சிறிது காத்திருந்து மீண்டும் முயற்சியுங்கள்.
Unable to connect. Check your connection and try again.|සම්බන්ධ විය නොහැක. සම්බන්ධතාව පරීක්ෂා කර නැවත උත්සාහ කරන්න.|இணைக்க முடியவில்லை. இணைப்பைச் சரிபார்த்து மீண்டும் முயற்சியுங்கள்.
Unable to complete the request. Please try again.|ඉල්ලීම සම්පූර්ණ කළ නොහැක. නැවත උත්සාහ කරන්න.|கோரிக்கையை முடிக்க முடியவில்லை. மீண்டும் முயற்சியுங்கள்.
You do not have permission to access this data. Please sign in again.|මෙම දත්ත බැලීමට අවසර නැත. නැවත පිවිසෙන්න.|இந்தத் தரவை அணுக அனுமதி இல்லை. மீண்டும் உள்நுழையுங்கள்.
Please sign in again before changing account details.|ගිණුම් විස්තර වෙනස් කිරීමට පෙර නැවත පිවිසෙන්න.|கணக்கு விவரங்களை மாற்றும் முன் மீண்டும் உள்நுழையுங்கள்.
Unable to send reset instructions. Please try again.|උපදෙස් යැවිය නොහැක. නැවත උත්සාහ කරන්න.|வழிமுறைகளை அனுப்ப முடியவில்லை. மீண்டும் முயற்சியுங்கள்.
My Profile|මගේ පැතිකඩ|எனது சுயவிவரம்
Edit Profile|පැතිකඩ සංස්කරණය|சுயவிவரத்தைத் திருத்துங்கள்
View Profile|පැතිකඩ බලන්න|சுயவிவரத்தைப் பாருங்கள்
Bio|මා පිළිබඳව|என்னைப் பற்றி
Change Photo|ඡායාරූපය වෙනස් කරන්න|படத்தை மாற்றுங்கள்
Remove Photo|ඡායාරූපය ඉවත් කරන්න|படத்தை நீக்குங்கள்
Take Photo|ඡායාරූපයක් ගන්න|படம் எடுங்கள்
Choose from Gallery|ඡායාරූප එකතුවෙන් තෝරන්න|படத் தொகுப்பிலிருந்து தேர்ந்தெடுங்கள்
Photo selection will be connected during device integration.|ඡායාරූප තෝරා ගැනීම තවම ලබා ගත නොහැක.|படத் தேர்வு இன்னும் கிடைக்கவில்லை.
Save Changes|වෙනස්කම් සුරකින්න|மாற்றங்களைச் சேமியுங்கள்
Profile updated successfully|පැතිකඩ සාර්ථකව යාවත්කාලීන විය|சுயவிவரம் புதுப்பிக்கப்பட்டது
This is your contact email. Your sign-in email is unchanged.|මෙය ඔබව සම්බන්ධ කරගන්නා විද්‍යුත් තැපෑලයි. පිවිසුම් විද්‍යුත් තැපෑල වෙනස් නොවේ.|இது தொடர்பு மின்னஞ்சல். உள்நுழைவு மின்னஞ்சல் மாறாது.
Use no more than 150 characters|අක්ෂර 150කට නොවැඩිව යොදන්න|150 எழுத்துகளுக்கு மிகாமல் எழுதுங்கள்
Sign Out|ඉවත් වන්න|வெளியேறுங்கள்
Sign out|ඉවත් වන්න|வெளியேறுங்கள்
Logout|ඉවත් වන්න|வெளியேறுங்கள்
Are you sure you want to sign out?|ඔබට ඉවත් වීමට අවශ්‍යද?|நிச்சயமாக வெளியேற விரும்புகிறீர்களா?
Notifications|දැනුම්දීම්|அறிவிப்புகள்
My Trips|මගේ සංචාර|எனது பயணங்கள்
My Groups|මගේ කණ්ඩායම්|எனது குழுக்கள்
Language|භාෂාව|மொழி
Help & Support|උදව් සහ සහාය|உதவி மற்றும் ஆதரவு
About|පිළිබඳව|பற்றி
Cancel|අවලංගු කරන්න|ரத்து செய்யுங்கள்
Save|සුරකින්න|சேமியுங்கள்
Delete|මකන්න|நீக்குங்கள்
Edit|සංස්කරණය|திருத்துங்கள்
Close|වසන්න|மூடுங்கள்
Remove|ඉවත් කරන්න|அகற்றுங்கள்
Rename|නම වෙනස් කරන්න|பெயரை மாற்றுங்கள்
View|බලන්න|பாருங்கள்
Retry|නැවත උත්සාහ කරන්න|மீண்டும் முயற்சியுங்கள்
Undo|අහෝසි කරන්න|செயல்தவிர்க்கவும்
Loading|පූරණය වෙමින්|ஏற்றப்படுகிறது
Loading saved data|සුරැකි දත්ත පූරණය වෙමින්|சேமித்த தரவு ஏற்றப்படுகிறது
Loading saved data…|සුරැකි දත්ත පූරණය වෙමින්…|சேமித்த தரவு ஏற்றப்படுகிறது…
Saving changes…|වෙනස්කම් සුරකිමින්…|மாற்றங்கள் சேமிக்கப்படுகின்றன…
Saving changes, please wait|වෙනස්කම් සුරකිමින්, රැඳී සිටින්න|மாற்றங்கள் சேமிக்கப்படுகின்றன, காத்திருங்கள்
Reload Saved Data|සුරැකි දත්ත නැවත පූරණය|சேமித்த தரவை மீளேற்றுங்கள்
This field is required|මෙම තොරතුර අවශ්‍යයි|இந்தத் தகவல் தேவை
Enter a name|නමක් ඇතුළත් කරන්න|பெயரை உள்ளிடுங்கள்
Use no more than 60 characters|අක්ෂර 60කට නොවැඩිව යොදන්න|60 எழுத்துகளுக்கு மிகாமல் எழுதுங்கள்
Use at most 10000 characters|අක්ෂර 10000කට නොවැඩිව යොදන්න|10000 எழுத்துகளுக்கு மிகாமல் எழுதுங்கள்
Plan Your Tour|ඔබේ සංචාරය සැලසුම් කරන්න|உங்கள் சுற்றுலாவைத் திட்டமிடுங்கள்
Create a personalized heritage journey|ඔබට ගැළපෙන උරුම සංචාරයක් සාදන්න|உங்களுக்கான பாரம்பரியப் பயணத்தை உருவாக்குங்கள்
Choose your destination|ගමනාන්තය තෝරන්න|சேருமிடத்தைத் தேர்ந்தெடுங்கள்
Where would you like to explore?|ඔබ ගවේෂණය කිරීමට කැමති කොහේද?|எங்கு ஆராய விரும்புகிறீர்கள்?
Select a destination|ගමනාන්තයක් තෝරන්න|சேருமிடத்தைத் தேர்ந்தெடுங்கள்
When are you going?|ඔබ යන්නේ කවදාද?|எப்போது செல்கிறீர்கள்?
Select Date|දිනය තෝරන්න|தேதியைத் தேர்ந்தெடுங்கள்
Select a date|දිනයක් තෝරන්න|ஒரு தேதியைத் தேர்ந்தெடுங்கள்
Choose today or a future date|අද හෝ ඉදිරි දිනයක් තෝරන්න|இன்றைய அல்லது எதிர்காலத் தேதியைத் தேர்ந்தெடுங்கள்
How much time do you have?|ඔබට කොපමණ කාලයක් තිබේද?|எவ்வளவு நேரம் உள்ளது?
Select a duration|කාල සීමාවක් තෝරන්න|கால அளவைத் தேர்ந்தெடுங்கள்
Half Day|අඩ දවසක්|அரை நாள்
1 Day|දවසක්|ஒரு நாள்
2 Days|දවස් දෙකක්|இரண்டு நாட்கள்
3 Days|දවස් තුනක්|மூன்று நாட்கள்
What inspires you?|ඔබ කැමති දේ මොනවාද?|உங்களை ஈர்ப்பது எது?
Choose one or more interests|කැමැත්තක් හෝ කිහිපයක් තෝරන්න|ஒன்று அல்லது பல விருப்பங்களைத் தேர்ந்தெடுங்கள்
Select at least one interest|අවම වශයෙන් එක් කැමැත්තක් තෝරන්න|குறைந்தது ஒரு விருப்பத்தைத் தேர்ந்தெடுங்கள்
History|ඉතිහාසය|வரலாறு
Culture|සංස්කෘතිය|பண்பாடு
Museums|කෞතුකාගාර|அருங்காட்சியகங்கள்
Religious Sites|ආගමික ස්ථාන|சமயத் தலங்கள்
Photography|ඡායාරූපකරණය|புகைப்படம்
Your travel style|ඔබේ සංචාර ශෛලිය|உங்கள் பயணப் பாணி
Balanced|සමබර|சமநிலை
Relaxed|සැහැල්ලු|நிதானமான
Packed|කාර්යබහුල|நிறைந்த
Generate My Itinerary|මගේ ගමන් සැලැස්ම සාදන්න|எனது பயணத் திட்டத்தை உருவாக்குங்கள்
Please check your selections and choose a future date.|තේරීම් පරීක්ෂා කර ඉදිරි දිනයක් තෝරන්න.|தேர்வுகளைச் சரிபார்த்து எதிர்காலத் தேதியைத் தேர்ந்தெடுங்கள்.
Your Itinerary|ඔබේ ගමන් සැලැස්ම|உங்கள் பயணத் திட்டம்
Suggested stops|යෝජිත නැවතුම්|பரிந்துரைக்கப்பட்ட இடங்கள்
Save Itinerary|ගමන් සැලැස්ම සුරකින්න|பயணத் திட்டத்தைச் சேமியுங்கள்
Itinerary Saved|ගමන් සැලැස්ම සුරකින ලදී|பயணத் திட்டம் சேமிக்கப்பட்டது
Itinerary saved successfully|ගමන් සැලැස්ම සාර්ථකව සුරකින ලදී|பயணத் திட்டம் சேமிக்கப்பட்டது
Edit Plan|සැලැස්ම සංස්කරණය|திட்டத்தைத் திருத்துங்கள்
Regenerate|නැවත සාදන්න|மீண்டும் உருவாக்குங்கள்
A starting point for your visit, not a complete travel schedule.|මෙය සංචාරයට ආරම්භක සැලැස්මකි; සම්පූර්ණ කාලසටහනක් නොවේ.|இது பயணத்திற்கான ஆரம்பத் திட்டம்; முழுமையான அட்டவணை அல்ல.
Visit estimates are illustrative. Travel times and opening hours are not checked. The small local catalogue may have only one stop for your destination.|නැරඹුම් කාල ඇස්තමේන්තු නිදර්ශන පමණි. ගමන් කාල හා විවෘත වේලාවන් තහවුරු කර නැත. ලැයිස්තුවේ ඔබේ ගමනාන්තයට එක් ස්ථානයක් පමණක් තිබිය හැක.|பார்வையிடும் நேரங்கள் எடுத்துக்காட்டுகள். பயண நேரமும் திறக்கும் நேரமும் சரிபார்க்கப்படவில்லை. பட்டியலில் உங்கள் சேருமிடத்திற்கு ஒரு இடம் மட்டும் இருக்கலாம்.
These are the available local stops for your selections. Try another destination or travel style for more variety.|ඔබේ තේරීම් සඳහා ඇති නැවතුම් මේවාය. වැඩි විවිධත්වයක් සඳහා වෙනත් ගමනාන්තයක් හෝ ශෛලියක් තෝරන්න.|உங்கள் தேர்வுகளுக்கான இடங்கள் இவை. பல்வேறு தேர்வுகளுக்கு வேறு சேருமிடம் அல்லது பயணப் பாணியை முயற்சியுங்கள்.
No saved itineraries yet|තවම සුරැකි ගමන් සැලසුම් නැත|சேமித்த பயணத் திட்டங்கள் இன்னும் இல்லை
Plan your first heritage journey.|ඔබේ පළමු උරුම සංචාරය සැලසුම් කරන්න.|முதல் பாரம்பரியப் பயணத்தைத் திட்டமிடுங்கள்.
Create a new plan to start your journey.|ගමන ආරම්භ කිරීමට නව සැලැස්මක් සාදන්න.|பயணத்தைத் தொடங்க புதிய திட்டத்தை உருவாக்குங்கள்.
Rename Itinerary|ගමන් සැලැස්මට නව නමක්|பயணத் திட்டத்தின் பெயரை மாற்றுங்கள்
Itinerary title|ගමන් සැලැස්මේ නම|பயணத் திட்டத்தின் பெயர்
Enter an itinerary title|ගමන් සැලැස්මට නමක් ඇතුළත් කරන්න|பயணத் திட்டத்தின் பெயரை உள்ளிடுங்கள்
Delete this itinerary?|මෙම ගමන් සැලැස්ම මකන්නද?|இந்தப் பயணத் திட்டத்தை நீக்கவா?
Itinerary deleted|ගමන් සැලැස්ම මකා ඇත|பயணத் திட்டம் நீக்கப்பட்டது
Itinerary unavailable|ගමන් සැලැස්ම නොමැත|பயணத் திட்டம் கிடைக்கவில்லை
Edit your plan and choose a future date to regenerate.|නැවත සෑදීමට සැලැස්ම සංස්කරණය කර ඉදිරි දිනයක් තෝරන්න.|மீண்டும் உருவாக்க திட்டத்தைத் திருத்தி எதிர்காலத் தேதியைத் தேர்ந்தெடுங்கள்.
No favorites yet|තවම ප්‍රියතම ස්ථාන නැත|பிடித்த இடங்கள் இன்னும் இல்லை
Save places you love and find them here.|ඔබ කැමති ස්ථාන සුරකින්න. ඒවා මෙහි බලන්න.|பிடித்த இடங்களைச் சேமித்து இங்கு பாருங்கள்.
Your saved favorite is retained. You may remove it at any time.|සුරැකි ප්‍රියතම ස්ථානය තබා ඇත. ඕනෑම විටක ඉවත් කළ හැක.|சேமித்த விருப்ப இடம் உள்ளது. எப்போது வேண்டுமானாலும் நீக்கலாம்.
Add Favorite|ප්‍රියතම ලෙස එක් කරන්න|விருப்பத்தில் சேருங்கள்
Remove Favorite|ප්‍රියතම ලැයිස්තුවෙන් ඉවත් කරන්න|விருப்பத்திலிருந்து நீக்குங்கள்
Place Details|ස්ථානයේ විස්තර|இட விவரங்கள்
About this place|මෙම ස්ථානය පිළිබඳව|இந்த இடத்தைப் பற்றி
Highlights|විශේෂ කරුණු|சிறப்பம்சங்கள்
Visitor Tips|නරඹන්නන්ට උපදෙස්|பார்வையாளர் குறிப்புகள்
Opening Hours|විවෘත වේලාවන්|திறக்கும் நேரம்
Entrance Fee|ඇතුළත් වීමේ ගාස්තුව|நுழைவுக் கட்டணம்
Recommended Visit Duration|නිර්දේශිත නැරඹුම් කාලය|பரிந்துரைக்கப்பட்ட பார்வை நேரம்
Quick information|කෙටි තොරතුරු|சுருக்கத் தகவல்கள்
Digital Guide|ඩිජිටල් මාර්ගෝපදේශය|மின்னணு வழிகாட்டி
Nearby Facilities|අවට පහසුකම්|அருகிலுள்ள வசதிகள்
Start Navigation|මාර්ගෝපදේශය අරඹන්න|வழிகாட்டலைத் தொடங்குங்கள்
Navigate|මාර්ගය බලන්න|வழியைப் பாருங்கள்
Navigate to Place|ස්ථානයට මාර්ගය බලන්න|இடத்திற்கான வழியைப் பாருங்கள்
Read more|තවත් කියවන්න|மேலும் வாசியுங்கள்
Show less|අඩුවෙන් පෙන්වන්න|சுருக்கமாகக் காட்டுங்கள்
This place is unavailable. Return to the catalog.|මෙම ස්ථානය ලබා ගත නොහැක. ලැයිස්තුවට යන්න.|இந்த இடம் கிடைக்கவில்லை. பட்டியலுக்குத் திரும்புங்கள்.
This place is no longer available in the active catalog.|මෙම ස්ථානය සක්‍රිය ලැයිස්තුවේ තවදුරටත් නොමැත.|இந்த இடம் செயலில் உள்ள பட்டியலில் இல்லை.
Overview|දළ විස්තර|கண்ணோட்டம்
Cultural significance|සංස්කෘතික වැදගත්කම|பண்பாட்டு முக்கியத்துவம்
Historical period|ඓතිහාසික යුගය|வரலாற்றுக் காலம்
Accessibility information|ප්‍රවේශ පහසුකම්|அணுகல் தகவல்
My Notes|මගේ සටහන්|எனது குறிப்புகள்
Add Note|සටහනක් එක් කරන්න|குறிப்பைச் சேருங்கள்
Edit Note|සටහන සංස්කරණය|குறிப்பைத் திருத்துங்கள்
Delete Note|සටහන මකන්න|குறிப்பை நீக்குங்கள்
Personal note|පෞද්ගලික සටහන|தனிப்பட்ட குறிப்பு
Enter a note|සටහනක් ඇතුළත් කරන්න|குறிப்பை உள்ளிடுங்கள்
Use no more than 500 characters|අක්ෂර 500කට නොවැඩිව යොදන්න|500 எழுத்துகளுக்கு மிகாமல் எழுதுங்கள்
No notes yet. Capture a thought from your journey.|තවම සටහන් නැත. ඔබේ සංචාරයේ අදහසක් සටහන් කරන්න.|குறிப்புகள் இன்னும் இல்லை. பயண எண்ணங்களைப் பதிவு செய்யுங்கள்.
Delete this note?|මෙම සටහන මකන්නද?|இந்தக் குறிப்பை நீக்கவா?
Useful places around your destination|ගමනාන්තය අවට ප්‍රයෝජනවත් ස්ථාන|சேருமிடத்தைச் சுற்றியுள்ள பயனுள்ள இடங்கள்
Search facilities|පහසුකම් සොයන්න|வசதிகளைத் தேடுங்கள்
No facilities found|පහසුකම් හමු නොවීය|வசதிகள் கிடைக்கவில்லை
Food|ආහාර|உணவு
Medical|වෛද්‍ය|மருத்துவம்
Police|පොලිසිය|காவல்துறை
Parking|වාහන නැවැත්වීම|வாகன நிறுத்தம்
Restrooms|වැසිකිළි|கழிப்பறைகள்
ATM|මුදල් යන්ත්‍ර|பண இயந்திரம்
Directions|මාර්ගය|வழிகள்
Emergency Support|හදිසි සහාය|அவசர உதவி
Get help when you need it|අවශ්‍ය විට සහාය ලබා ගන්න|தேவைப்படும் நேரத்தில் உதவி பெறுங்கள்
Emergency contact access|හදිසි සම්බන්ධතා|அவசரத் தொடர்புகள்
Verified emergency contacts|තහවුරු කළ හදිසි සම්බන්ධතා|சரிபார்க்கப்பட்ட அவசரத் தொடர்புகள்
Contact categories|සම්බන්ධතා වර්ග|தொடர்பு வகைகள்
Contacts marked active and verified by an administrator are listed below. Call opens your phone dialer; you decide whether to place the call.|පරිපාලකයා සක්‍රිය හා තහවුරු කළ සම්බන්ධතා පහත ඇත. ඇමතුම් බොත්තම දුරකථන යෙදුම විවෘත කරයි; ඇමතුම ගැනීම ඔබ තීරණය කරන්න.|நிர்வாகி செயலில் உள்ளதாகவும் சரிபார்க்கப்பட்டதாகவும் குறித்த தொடர்புகள் கீழே உள்ளன. அழைப்பு பொத்தான் தொலைபேசி செயலியைத் திறக்கும்; அழைப்பதை நீங்கள் தீர்மானிக்கலாம்.
No active verified contacts are available.|සක්‍රිය තහවුරු කළ සම්බන්ධතා නොමැත.|செயலில் உள்ள சரிபார்க்கப்பட்ட தொடர்புகள் இல்லை.
Reload contacts|සම්බන්ධතා නැවත පූරණය කරන්න|தொடர்புகளை மீளேற்றுங்கள்
Call|අමතන්න|அழையுங்கள்
No phone dialer is available on this device.|මෙම උපාංගයේ දුරකථන ඇමතුම් යෙදුමක් නොමැත.|இந்தச் சாதனத்தில் அழைப்பு செயலி இல்லை.
Unable to open the phone dialer. Try a device with a phone app.|දුරකථන යෙදුම විවෘත කළ නොහැක. දුරකථන යෙදුමක් ඇති උපාංගයක් භාවිත කරන්න.|அழைப்பு செயலியைத் திறக்க முடியவில்லை. தொலைபேசி செயலியுள்ள சாதனத்தைப் பயன்படுத்துங்கள்.
Share My Location|මගේ ස්ථානය බෙදා ගන්න|என் இருப்பிடத்தைப் பகிருங்கள்
Safety Tips|ආරක්ෂක උපදෙස්|பாதுகாப்புக் குறிப்புகள்
Stay aware of your surroundings|අවට පරිසරය ගැන සැලකිලිමත් වන්න|சுற்றுப்புறத்தை கவனியுங்கள்
Keep important belongings secure|වටිනා භාණ්ඩ සුරක්ෂිතව තබන්න|முக்கிய பொருட்களைப் பாதுகாப்பாக வைத்திருங்கள்
Follow official site guidance|ස්ථානයේ නිල උපදෙස් පිළිපදින්න|இடத்தின் அதிகாரப்பூர்வ வழிமுறைகளைப் பின்பற்றுங்கள்
Contact verified emergency services when necessary|අවශ්‍ය විට තහවුරු කළ හදිසි සේවා අමතන්න|தேவைப்படும்போது சரிபார்க்கப்பட்ட அவசரச் சேவைகளை அழையுங்கள்
Route preview with live GPS. No voice or turn-by-turn instructions.|සජීවී GPS සමඟ මාර්ග දර්ශනයකි. හඬ හෝ හැරවුම් උපදෙස් නොමැත.|நேரடி GPS உடன் வழிக் காட்சி. குரல் அல்லது திருப்ப வழிமுறைகள் இல்லை.
Destination|ගමනාන්තය|சேருமிடம்
Current location|වත්මන් ස්ථානය|தற்போதைய இருப்பிடம்
Current location available|වත්මන් ස්ථානය ලැබී ඇත|தற்போதைய இருப்பிடம் கிடைத்துள்ளது
Finding your current location…|ඔබේ වත්මන් ස්ථානය සොයමින්…|தற்போதைய இருப்பிடத்தைத் தேடுகிறது…
Allow location to find a route.|මාර්ගයක් සෙවීමට ස්ථාන අවසරය ලබා දෙන්න.|வழியைக் கண்டறிய இருப்பிட அனுமதி அளியுங்கள்.
Location permission denied. Allow location to calculate a route.|ස්ථාන අවසරය ප්‍රතික්ෂේප කර ඇත. මාර්ගය ගණනය කිරීමට අවසර දෙන්න.|இருப்பிட அனுமதி மறுக்கப்பட்டது. வழியைக் கணக்கிட அனுமதி அளியுங்கள்.
Location permission is blocked. Open settings to allow it.|ස්ථාන අවසරය අවහිර කර ඇත. සැකසුම් විවෘත කර අවසර දෙන්න.|இருப்பிட அனுமதி தடுக்கப்பட்டுள்ளது. அமைப்புகளைத் திறந்து அனுமதி அளியுங்கள்.
Device location is disabled. Enable location to continue.|උපාංගයේ ස්ථාන සේවාව අක්‍රියයි. ඉදිරියට යාමට සක්‍රිය කරන්න.|சாதன இருப்பிடம் முடக்கப்பட்டுள்ளது. தொடர அதை இயக்குங்கள்.
Current location temporarily unavailable.|වත්මන් ස්ථානය තාවකාලිකව ලබා ගත නොහැක.|தற்போதைய இருப்பிடம் தற்காலிகமாகக் கிடைக்கவில்லை.
Location request timed out. Try again outdoors.|ස්ථාන ඉල්ලීමේ කාලය ඉක්මවීය. එළිමහනේ නැවත උත්සාහ කරන්න.|இருப்பிடக் கோரிக்கை நேரம் முடிந்தது. வெளியில் மீண்டும் முயற்சியுங்கள்.
Current location unavailable. Try again.|වත්මන් ස්ථානය ලබා ගත නොහැක. නැවත උත්සාහ කරන්න.|தற்போதைய இருப்பிடம் கிடைக்கவில்லை. மீண்டும் முயற்சியுங்கள்.
Allow Location|ස්ථාන අවසරය දෙන්න|இருப்பிடத்தை அனுமதியுங்கள்
Open Settings|සැකසුම් විවෘත කරන්න|அமைப்புகளைத் திறக்கவும்
Enable Location|ස්ථාන සේවාව සක්‍රිය කරන්න|இருப்பிடத்தை இயக்குங்கள்
Location information is unavailable for this destination.|මෙම ගමනාන්තයේ ස්ථාන තොරතුරු නොමැත.|இந்தச் சேருமிடத்தின் இருப்பிடத் தகவல் இல்லை.
Select a heritage destination to calculate a route.|මාර්ගය ගණනය කිරීමට උරුම ගමනාන්තයක් තෝරන්න.|வழியைக் கணக்கிட பாரம்பரியச் சேருமிடத்தைத் தேர்ந்தெடுங்கள்.
Walking|පයින්|நடை
Driving|වාහනයෙන්|வாகனம்
Start Route Guidance|මාර්ග මඟපෙන්වීම අරඹන්න|வழிப் பயண வழிகாட்டலைத் தொடங்குங்கள்
End Navigation|මාර්ගෝපදේශය නවත්වන්න|வழிகாட்டலை நிறுத்துங்கள்
Route guidance active|මාර්ග මඟපෙන්වීම සක්‍රියයි|வழிப் பயண வழிகாட்டல் செயலில் உள்ளது
Route preview ready|මාර්ග දර්ශනය සූදානම්|வழிக் காட்சி தயார்
Recalculate route|මාර්ගය නැවත ගණනය කරන්න|வழியை மீண்டும் கணக்கிடுங்கள்
Recenter|වත්මන් ස්ථානයට යන්න|இருப்பிடத்திற்கு மையப்படுத்துங்கள்
Distance|දුර|தூரம்
Estimated time|ඇස්තමේන්තුගත කාලය|மதிப்பிடப்பட்ட நேரம்
Initial route distance and estimated time from OSRM. Recalculate after moving; these are not live remaining estimates.|ආරම්භක මාර්ග දුර හා කාලය OSRM වෙතින්ය. ගමන් කළ පසු නැවත ගණනය කරන්න; මේවා සජීවී ඉතිරි ඇස්තමේන්තු නොවේ.|ஆரம்ப வழித் தூரமும் நேரமும் OSRM இலிருந்து பெறப்பட்டவை. நகர்ந்த பின் மீண்டும் கணக்கிடுங்கள்; இவை நேரடி மீதமுள்ள மதிப்பீடுகள் அல்ல.
GPS stays on this device during individual navigation. Routing sends start and destination coordinates to FOSSGIS.|තනි සංචාරයේ GPS දත්ත මෙම උපාංගයේ පමණක් පවතී. මාර්ගය ගණනය කිරීමට ආරම්භක හා ගමනාන්ත ඛණ්ඩාංක FOSSGIS වෙත යවයි.|தனிப்பட்ட வழிகாட்டலில் GPS தரவு சாதனத்தில் இருக்கும். வழிக் கணக்கீட்டிற்காக தொடக்க மற்றும் சேருமிட ஆயங்கள் FOSSGIS க்கு அனுப்பப்படும்.
Map tiles unavailable. Check your internet connection. Routes and map tiles need internet.|සිතියම ලබා ගත නොහැක. අන්තර්ජාල සම්බන්ධතාව පරීක්ෂා කරන්න. මාර්ග හා සිතියම් සඳහා අන්තර්ජාලය අවශ්‍යයි.|வரைபடம் கிடைக்கவில்லை. இணைய இணைப்பைச் சரிபாருங்கள். வழிகளுக்கும் வரைபடங்களுக்கும் இணையம் தேவை.
Fix the map|සිතියම නිවැරදි කරන්න|வரைபடத்தைத் திருத்துங்கள்
Group Tracking|කණ්ඩායම් ස්ථාන|குழு இருப்பிடங்கள்
Create Group|කණ්ඩායමක් සාදන්න|குழுவை உருவாக்குங்கள்
+ Create Group|+ කණ්ඩායමක් සාදන්න|+ குழுவை உருவாக்குங்கள்
Create New Group|නව කණ්ඩායමක් සාදන්න|புதிய குழுவை உருவாக்குங்கள்
Create Your First Group|ඔබේ පළමු කණ්ඩායම සාදන්න|முதல் குழுவை உருவாக்குங்கள்
Bring your travel group together|ඔබේ සංචාරක කණ්ඩායම එක් කරන්න|பயணக் குழுவை ஒன்றிணையுங்கள்
Group Name|කණ්ඩායමේ නම|குழுப் பெயர்
Group Management|කණ්ඩායම් කළමනාකරණය|குழு மேலாண்மை
Manage Group|කණ්ඩායම කළමනාකරණය|குழுவை நிர்வகியுங்கள்
Group unavailable|කණ්ඩායම ලබා ගත නොහැක|குழு கிடைக்கவில்லை
No group tours yet|තවම කණ්ඩායම් සංචාර නැත|குழுச் சுற்றுலாக்கள் இன்னும் இல்லை
Create a group and explore heritage sites together.|කණ්ඩායමක් සාදා එක්ව උරුම ස්ථාන ගවේෂණය කරන්න.|குழுவை உருவாக்கி ஒன்றாகப் பாரம்பரிய இடங்களை ஆராயுங்கள்.
Explore Sri Lanka together|එක්ව ශ්‍රී ලංකාව ගවේෂණය කරන්න|ஒன்றாக இலங்கையை ஆராயுங்கள்
Signed-in groups and membership are saved to your account. Invite codes let other signed-in users join.|පිවිසි කණ්ඩායම් හා සාමාජිකත්වය ගිණුමේ සුරැකේ. ආරාධනා කේතයෙන් වෙනත් පරිශීලකයන්ට එක්විය හැක.|குழுக்களும் உறுப்பினர் விவரங்களும் கணக்கில் சேமிக்கப்படும். அழைப்புக் குறியீட்டால் பிற பயனர்கள் இணையலாம்.
Join with Code|කේතයෙන් එක්වන්න|குறியீட்டுடன் இணையுங்கள்
Enter an invite code|ආරාධනා කේතය ඇතුළත් කරන්න|அழைப்புக் குறியீட்டை உள்ளிடுங்கள்
Invite Code|ආරාධනා කේතය|அழைப்புக் குறியீடு
Join|එක්වන්න|இணையுங்கள்
Group joined|කණ්ඩායමට එක් විය|குழுவில் இணைந்தீர்கள்
Group not found. Check the invite code.|කණ්ඩායම හමු නොවීය. ආරාධනා කේතය පරීක්ෂා කරන්න.|குழு கிடைக்கவில்லை. அழைப்புக் குறியீட்டைச் சரிபாருங்கள்.
Share this code with your travel group.|මෙම කේතය ඔබේ සංචාරක කණ්ඩායමට දෙන්න.|இந்தக் குறியீட்டை பயணக் குழுவுடன் பகிருங்கள்.
Signed-in users can join with this code. Keep it private to your travel group.|පිවිසි පරිශීලකයන්ට මෙම කේතයෙන් එක්විය හැක. එය කණ්ඩායම තුළ පමණක් තබන්න.|உள்நுழைந்த பயனர்கள் இந்தக் குறியீட்டால் இணையலாம். குழுவுக்குள் மட்டும் பகிருங்கள்.
Copy|පිටපත් කරන්න|நகலெடுங்கள்
Invite code copied|ආරාධනා කේතය පිටපත් විය|அழைப்புக் குறியீடு நகலெடுக்கப்பட்டது
Unable to copy the invite code.|ආරාධනා කේතය පිටපත් කළ නොහැක.|அழைப்புக் குறியீட்டை நகலெடுக்க முடியவில்லை.
Members|සාමාජිකයන්|உறுப்பினர்கள்
Leader|නායකයා|தலைவர்
Group Leader|කණ්ඩායම් නායකයා|குழுத் தலைவர்
Group member|කණ්ඩායම් සාමාජිකයා|குழு உறுப்பினர்
You lead this group|ඔබ මෙම කණ්ඩායමේ නායකයාය|இந்தக் குழுவின் தலைவர் நீங்கள்
Member Name|සාමාජිකයාගේ නම|உறுப்பினர் பெயர்
Add Demo Member|නිදර්ශන සාමාජිකයෙක් එක් කරන්න|எடுத்துக்காட்டு உறுப்பினரைச் சேருங்கள்
Rename Group|කණ්ඩායමට නව නමක්|குழுப் பெயரை மாற்றுங்கள்
Change Destination|ගමනාන්තය වෙනස් කරන්න|சேருமிடத்தை மாற்றுங்கள்
Remove this member from the group?|මෙම සාමාජිකයා ඉවත් කරන්නද?|இந்த உறுப்பினரை குழுவிலிருந்து நீக்கவா?
Delete Group|කණ්ඩායම මකන්න|குழுவை நீக்குங்கள்
Delete Group?|කණ්ඩායම මකන්නද?|குழுவை நீக்கவா?
This will permanently delete the group and invalidate its invite code.|කණ්ඩායම ස්ථිරව මකා ආරාධනා කේතය අවලංගු කරයි.|குழு நிரந்தரமாக நீக்கப்பட்டு அழைப்புக் குறியீடு செல்லாததாகும்.
Group deleted|කණ්ඩායම මකා ඇත|குழு நீக்கப்பட்டது
Open Group|කණ්ඩායම විවෘත කරන්න|குழுவைத் திறக்கவும்
Open Tracking|ස්ථාන බලන්න|இருப்பிடங்களைப் பாருங்கள்
Track Group|කණ්ඩායම් ස්ථාන බලන්න|குழு இருப்பிடங்களைப் பாருங்கள்
Open Group Tracking|කණ්ඩායම් ස්ථාන විවෘත කරන්න|குழு இருப்பிடங்களைத் திறக்கவும்
Go to Group Tours|කණ්ඩායම් සංචාර වෙත යන්න|குழுச் சுற்றுலாவிற்குச் செல்லுங்கள்
View Destination|ගමනාන්තය බලන්න|சேருமிடத்தைப் பாருங்கள்
Sharing ON|ස්ථාන බෙදාගැනීම සක්‍රියයි|இருப்பிடப் பகிர்வு இயக்கத்தில் உள்ளது
Sharing OFF|ස්ථාන බෙදාගැනීම අක්‍රියයි|இருப்பிடப் பகிர்வு நிறுத்தப்பட்டுள்ளது
Start Sharing Location|ස්ථානය බෙදාගැනීම අරඹන්න|இருப்பிடப் பகிர்வைத் தொடங்குங்கள்
Stop Sharing Location|ස්ථාන බෙදාගැනීම නවත්වන්න|இருப்பிடப் பகிர்வை நிறுத்துங்கள்
Only this group can see your current position. Sharing continues across screens for up to 5 minutes and stops when the app leaves the foreground. No location history is saved.|ඔබේ වත්මන් ස්ථානය බැලිය හැක්කේ මෙම කණ්ඩායමට පමණි. තිර මාරු කළද මිනිත්තු 5ක් දක්වා බෙදාගැනීම දිගටම සිදු වන අතර යෙදුම පසුබිමට ගිය විට නවතී. ස්ථාන ඉතිහාසය සුරැකෙන්නේ නැත.|இந்தக் குழு மட்டுமே உங்கள் தற்போதைய இருப்பிடத்தைப் பார்க்கலாம். திரைகளை மாற்றினாலும் 5 நிமிடங்கள் வரை பகிர்வு தொடரும்; செயலி பின்னணிக்குச் செல்லும்போது நிற்கும். இருப்பிட வரலாறு சேமிக்கப்படாது.
Location stale or sharing stopped|ස්ථානය පැරණියි හෝ බෙදාගැනීම නැවතී ඇත|இருப்பிடம் பழையது அல்லது பகிர்வு நிறுத்தப்பட்டது
Location not shared|ස්ථානය බෙදාගෙන නැත|இருப்பிடம் பகிரப்படவில்லை
Group locations unavailable. Retry when connected.|කණ්ඩායම් ස්ථාන ලබා ගත නොහැක. සම්බන්ධ වූ පසු නැවත උත්සාහ කරන්න.|குழு இருப்பிடங்கள் கிடைக்கவில்லை. இணைந்த பின் மீண்டும் முயற்சியுங்கள்.
Location unavailable. Check permission and device location.|ස්ථානය නොමැත. අවසරය හා උපාංගයේ ස්ථාන සේවාව පරීක්ෂා කරන්න.|இருப்பிடம் கிடைக்கவில்லை. அனுமதியையும் சாதன இருப்பிடத்தையும் சரிபாருங்கள்.
Location sharing unavailable. Check your connection.|ස්ථාන බෙදාගැනීම ලබා ගත නොහැක. සම්බන්ධතාව පරීක්ෂා කරන්න.|இருப்பிடப் பகிர்வு கிடைக்கவில்லை. இணைப்பைச் சரிபாருங்கள்.
Location update failed. Sharing stopped.|ස්ථානය යාවත්කාලීන කළ නොහැක. බෙදාගැනීම නැවතී ඇත.|இருப்பிடத்தைப் புதுப்பிக்க முடியவில்லை. பகிர்வு நிறுத்தப்பட்டது.
Location sharing stopped. Current location unavailable.|වත්මන් ස්ථානය නොමැති නිසා බෙදාගැනීම නැවතී ඇත.|தற்போதைய இருப்பிடம் கிடைக்காததால் பகிர்வு நிறுத்தப்பட்டது.
Sharing stopped. Last position may remain until stale.|බෙදාගැනීම නැවතී ඇත. අවසන් ස්ථානය කල් ඉකුත් වන තුරු පැවතිය හැක.|பகிர்வு நிறுத்தப்பட்டது. கடைசி இருப்பிடம் பழையதாகும் வரை இருக்கலாம்.
Choose your preferred language|ඔබ කැමති භාෂාව තෝරන්න|விரும்பிய மொழியைத் தேர்ந்தெடுங்கள்
Your language updates the app and is saved to your signed-in account.|ඔබේ භාෂාව යෙදුමට යෙදෙන අතර පිවිසි ගිණුමේ සුරැකේ.|தேர்ந்த மொழி செயலியில் மாறி உள்நுழைந்த கணக்கில் சேமிக்கப்படும்.
Language preference updated|භාෂා තේරීම යාවත්කාලීන විය|மொழி விருப்பம் புதுப்பிக்கப்பட்டது
Preview|පෙරදසුන|முன்னோட்டம்
English|ඉංග්‍රීසි|ஆங்கிலம்
Sinhala|සිංහල|சிங்களம்
Tamil|දෙමළ|தமிழ்
Reviews & Ratings|අදහස් සහ ඇගයීම්|கருத்துகளும் மதிப்பீடுகளும்
Ratings loading?|ඇගයීම් පූරණය වෙමින්|மதிப்பீடுகள் ஏற்றப்படுகின்றன
Ratings unavailable|ඇගයීම් ලබා ගත නොහැක|மதிப்பீடுகள் கிடைக்கவில்லை
No reviews|තවම අදහස් නැත|கருத்துகள் இல்லை
No reviews yet. Be the first to share your experience.|තවම අදහස් නැත. මුලින්ම ඔබේ අත්දැකීම බෙදා ගන්න.|கருத்துகள் இன்னும் இல்லை. முதலில் உங்கள் அனுபவத்தைப் பகிருங்கள்.
Write a Review|අදහසක් ලියන්න|கருத்தை எழுதுங்கள்
Edit Review|අදහස සංස්කරණය|கருத்தைத் திருத்துங்கள்
Delete Review|අදහස මකන්න|கருத்தை நீக்குங்கள்
Delete Review?|අදහස මකන්නද?|கருத்தை நீக்கவா?
Save Review|අදහස සුරකින්න|கருத்தைச் சேமியுங்கள்
Rating|ඇගයීම|மதிப்பீடு
Your experience|ඔබේ අත්දැකීම|உங்கள் அனுபவம்
Choose a rating from 1 to 5.|1 සිට 5 දක්වා ඇගයීමක් තෝරන්න.|1 முதல் 5 வரையிலான மதிப்பீட்டைத் தேர்ந்தெடுங்கள்.
Write a comment.|අදහසක් ලියන්න.|கருத்தை எழுதுங்கள்.
Use at most 1000 characters.|අක්ෂර 1000කට නොවැඩිව යොදන්න.|1000 எழுத்துகளுக்கு மிகாமல் எழுதுங்கள்.
Reload reviews|අදහස් නැවත පූරණය කරන්න|கருத்துகளை மீளேற்றுங்கள்
Sign in to write a review.|අදහසක් ලිවීමට පිවිසෙන්න.|கருத்தை எழுத உள்நுழையுங்கள்.
Sign in to manage your review.|ඔබේ අදහස කළමනාකරණයට පිවිසෙන්න.|உங்கள் கருத்தை நிர்வகிக்க உள்நுழையுங்கள்.
This place is unavailable for new or edited reviews.|මෙම ස්ථානයට නව හෝ සංස්කරණය කළ අදහස් යෙදිය නොහැක.|இந்த இடத்திற்கு புதிய அல்லது திருத்திய கருத்துகளை இட முடியாது.
You already reviewed this place. Edit your existing review.|ඔබ දැනටමත් අදහසක් ලියා ඇත. එය සංස්කරණය කරන්න.|ஏற்கனவே கருத்து எழுதியுள்ளீர்கள். அதனைத் திருத்துங்கள்.
Your review no longer exists. Reload reviews.|ඔබේ අදහස තවදුරටත් නැත. අදහස් නැවත පූරණය කරන්න.|உங்கள் கருத்து இனி இல்லை. கருத்துகளை மீளேற்றுங்கள்.
This place is no longer available for reviews.|මෙම ස්ථානයට අදහස් යෙදීම ලබා ගත නොහැක.|இந்த இடத்திற்குக் கருத்து இட முடியாது.
How can we help you?|අපෙන් අවශ්‍ය සහාය කුමක්ද?|எப்படி உதவலாம்?
Search help|උදව් සොයන්න|உதவியைத் தேடுங்கள்
Search for help...|උදව් සොයන්න...|உதவியைத் தேடுங்கள்...
Frequently Asked Questions|නිතර අසන ප්‍රශ්න|அடிக்கடி கேட்கப்படும் கேள்விகள்
No help topics found|උදව් මාතෘකා හමු නොවීය|உதவித் தலைப்புகள் கிடைக்கவில்லை
Contact Support|සහාය අමතන්න|உதவியைத் தொடர்புகொள்ளுங்கள்
Academic demo requests. Requests are not delivered or monitored by a real support team.|මෙය අධ්‍යයන නිදර්ශන ඉල්ලීම් සඳහාය. සැබෑ සහාය කණ්ඩායමකට යැවෙන්නේ හෝ අධීක්ෂණය කෙරෙන්නේ නැත.|இவை கல்வி எடுத்துக்காட்டு கோரிக்கைகள். உண்மையான உதவிக் குழுவிற்கு அனுப்பப்படுவதோ கண்காணிக்கப்படுவதோ இல்லை.
My Support Requests|මගේ සහාය ඉල්ලීම්|எனது உதவிக் கோரிக்கைகள்
No support requests yet. Use Contact Support to create one.|තවම සහාය ඉල්ලීම් නැත. සහාය අමතන්න බොත්තමෙන් එකක් සාදන්න.|உதவிக் கோரிக்கைகள் இன்னும் இல்லை. உதவியைத் தொடர்புகொண்டு ஒன்றை உருவாக்குங்கள்.
Need emergency help?|හදිසි සහාය අවශ්‍යද?|அவசர உதவி தேவையா?
Open Emergency Support|හදිසි සහාය විවෘත කරන්න|அவசர உதவியைத் திறக்கவும்
Subject|මාතෘකාව|தலைப்பு
Message|පණිවිඩය|செய்தி
Category|වර්ගය|வகை
General|සාමාන්‍ය|பொது
Technical|තාක්ෂණික|தொழில்நுட்பம்
Accessibility|ප්‍රවේශ පහසුකම්|அணுகல் வசதி
Account|ගිණුම|கணக்கு
Tour Planning|සංචාර සැලසුම්|சுற்றுலாத் திட்டமிடல்
Safety|ආරක්ෂාව|பாதுகாப்பு
Submit Request|ඉල්ලීම යවන්න|கோரிக்கையைச் சமர்ப்பியுங்கள்
Edit Support Request|සහාය ඉල්ලීම සංස්කරණය|உதவிக் கோரிக்கையைத் திருத்துங்கள்
Signed-in requests are saved to your account. No message is sent to a real support team.|පිවිසි ඉල්ලීම් ගිණුමේ සුරැකේ. සැබෑ සහාය කණ්ඩායමකට පණිවිඩ නොයවයි.|கோரிக்கைகள் கணக்கில் சேமிக்கப்படும். உண்மையான உதவிக் குழுவிற்குச் செய்தி அனுப்பப்படாது.
Support request submitted|සහාය ඉල්ලීම යවන ලදී|உதவிக் கோரிக்கை சமர்ப்பிக்கப்பட்டது
Support request updated|සහාය ඉල්ලීම යාවත්කාලීන විය|உதவிக் கோரிக்கை புதுப்பிக்கப்பட்டது
Support request deleted|සහාය ඉල්ලීම මකා ඇත|உதவிக் கோரிக்கை நீக்கப்பட்டது
Delete Support Request?|සහාය ඉල්ලීම මකන්නද?|உதவிக் கோரிக்கையை நீக்கவா?
This request will be permanently removed from your account.|මෙම ඉල්ලීම ගිණුමෙන් ස්ථිරව මකා දමයි.|இந்தக் கோரிக்கை கணக்கிலிருந்து நிரந்தரமாக நீக்கப்படும்.
Mark Resolved|විසඳූ ලෙස සලකුණු කරන්න|தீர்க்கப்பட்டதாகக் குறியுங்கள்
Resolved|විසඳා ඇත|தீர்க்கப்பட்டது
Open|විවෘතයි|திறந்துள்ளது
Reopen|නැවත විවෘත කරන්න|மீண்டும் திறக்கவும்
Request marked resolved|ඉල්ලීම විසඳූ ලෙස සලකුණු විය|கோரிக்கை தீர்க்கப்பட்டதாகக் குறிக்கப்பட்டது
Request reopened|ඉල්ලීම නැවත විවෘත විය|கோரிக்கை மீண்டும் திறக்கப்பட்டது
About HeritageWalk|HeritageWalk පිළිබඳව|HeritageWalk பற்றி
Our Purpose|අපේ අරමුණ|எங்கள் நோக்கம்
Key Features|ප්‍රධාන පහසුකම්|முக்கிய அம்சங்கள்
Discover Heritage|උරුමයන් ගවේෂණය|பாரம்பரியத்தை ஆராயுங்கள்
Search and filter curated heritage places; save your favorites.|උරුම ස්ථාන සොයා පෙරහන් කර ප්‍රියතම ස්ථාන සුරකින්න.|பாரம்பரிய இடங்களைத் தேடி வடிகட்டி, பிடித்தவற்றைச் சேமியுங்கள்.
Generate, save and manage itineraries in your account.|ඔබේ ගිණුමේ ගමන් සැලසුම් සාදා සුරැක කළමනාකරණය කරන්න.|கணக்கில் பயணத் திட்டங்களை உருவாக்கி சேமித்து நிர்வகியுங்கள்.
Read destination guides and keep personal saved notes.|ගමනාන්ත මාර්ගෝපදේශ කියවා පෞද්ගලික සටහන් සුරකින්න.|சேருமிட வழிகாட்டிகளை வாசித்து தனிப்பட்ட குறிப்புகளைச் சேமியுங்கள்.
Safety Support|ආරක්ෂක සහාය|பாதுகாப்பு உதவி
Academic Project|විශ්වවිද්‍යාල ව්‍යාපෘතිය|பல்கலைக்கழகத் திட்டம்
HeritageWalk Sri Lanka is a university Human–Computer Interaction project exploring accessible heritage travel experiences.|HeritageWalk Sri Lanka යනු සැමට පහසු උරුම සංචාර අත්දැකීම් ගවේෂණය කරන විශ්වවිද්‍යාල මානව–පරිගණක අන්තර්ක්‍රියා ව්‍යාපෘතියකි.|HeritageWalk Sri Lanka என்பது அணுகக்கூடிய பாரம்பரியப் பயண அனுபவங்களை ஆராயும் பல்கலைக்கழக மனித–கணினி தொடர்பாடல் திட்டமாகும்.
Discover, plan, and experience Sri Lanka's cultural and historical heritage through one connected travel experience.|එක් සංචාරක අත්දැකීමක් තුළ ශ්‍රී ලංකාවේ සංස්කෘතික හා ඓතිහාසික උරුම සොයා සැලසුම් කර අත්විඳින්න.|ஒருங்கிணைந்த பயண அனுபவத்தில் இலங்கையின் பண்பாட்டு மற்றும் வரலாற்றுப் பாரம்பரியத்தை அறிந்து, திட்டமிட்டு, அனுபவியுங்கள்.
Find heritage places, plan tours, read guides and explore with groups using real GPS and route previews.|සැබෑ GPS හා මාර්ග දර්ශන සමඟ උරුම ස්ථාන සොයා, සංචාර සැලසුම් කර, මාර්ගෝපදේශ කියවා කණ්ඩායම් සමඟ ගවේෂණය කරන්න.|உண்மையான GPS மற்றும் வழிக் காட்சிகளுடன் பாரம்பரிய இடங்களை அறிந்து, பயணங்களைத் திட்டமிட்டு, வழிகாட்டிகளை வாசித்து குழுக்களுடன் ஆராயுங்கள்.
Preview real walking or driving routes and follow your current GPS position.|සැබෑ පයින් හෝ වාහන මාර්ග බලා වත්මන් GPS ස්ථානය අනුගමනය කරන්න.|உண்மையான நடை அல்லது வாகன வழிகளைப் பார்த்து தற்போதைய GPS இருப்பிடத்தைப் பின்தொடருங்கள்.
Manage groups and invite members. Share current location only with explicit foreground consent.|කණ්ඩායම් කළමනාකරණය කර සාමාජිකයන්ට ආරාධනා කරන්න. යෙදුම විවෘතව ඇති විට පැහැදිලි අවසරයෙන් පමණක් වත්මන් ස්ථානය බෙදා ගන්න.|குழுக்களை நிர்வகித்து உறுப்பினர்களை அழையுங்கள். செயலி திறந்திருக்கும் போது தெளிவான ஒப்புதலுடன் மட்டுமே இருப்பிடத்தைப் பகிருங்கள்.
Data Notice|දත්ත පිළිබඳ දැනුම්දීම|தரவு அறிவிப்பு
Profile and saved content use Firebase. Map tiles and routes need internet. Individual GPS is not stored; group snapshots require consent. Support requests are academic records, not monitored messages.|පැතිකඩ හා සුරැකි දත්ත Firebase භාවිත කරයි. සිතියම් හා මාර්ග සඳහා අන්තර්ජාලය අවශ්‍යයි. තනි GPS සුරකිනු නොලැබේ; කණ්ඩායම් ස්ථාන සඳහා අවසරය අවශ්‍යයි. සහාය ඉල්ලීම් අධ්‍යයන වාර්තා පමණි.|சுயவிவரமும் சேமித்த உள்ளடக்கமும் Firebase ஐப் பயன்படுத்துகின்றன. வரைபடங்களுக்கும் வழிகளுக்கும் இணையம் தேவை. தனிப்பட்ட GPS சேமிக்கப்படாது; குழு இருப்பிடத்திற்கு ஒப்புதல் தேவை. உதவிக் கோரிக்கைகள் கல்விப் பதிவுகள் மட்டுமே.
Back to Home|මුල් පිටුවට යන්න|முகப்பிற்குத் திரும்புங்கள்
How do I create an itinerary?|ගමන් සැලැස්මක් සාදන්නේ කෙසේද?|பயணத் திட்டத்தை உருவாக்குவது எப்படி?
Open Plan Tour from Home, select your destinations and preferences, then generate and save the itinerary.|මුල් පිටුවෙන් සංචාර සැලසුම විවෘත කර ගමනාන්ත හා කැමැත්ත තෝරා ගමන් සැලැස්ම සාදා සුරකින්න.|முகப்பிலிருந்து சுற்றுலாத் திட்டத்தைத் திறந்து சேருமிடங்களையும் விருப்பங்களையும் தேர்ந்தெடுத்து திட்டத்தை உருவாக்கிச் சேமியுங்கள்.
How do I save a heritage place?|උරුම ස්ථානයක් සුරකින්නේ කෙසේද?|பாரம்பரிய இடத்தைச் சேமிப்பது எப்படி?
Tap the favorite heart on a place. Signed-in favorites are saved to your account and appear in My Favorites.|ස්ථානයේ හදවත් සලකුණ ඔබන්න. පිවිසි ප්‍රියතම ස්ථාන ගිණුමේ සුරැකී මගේ ප්‍රියතම ස්ථාන තුළ දිස්වේ.|இடத்தின் இதயக் குறியீட்டை அழுத்துங்கள். பிடித்த இடங்கள் கணக்கில் சேமிக்கப்பட்டு விருப்ப இடங்களில் தோன்றும்.
How do I create a group tour?|කණ්ඩායම් සංචාරයක් සාදන්නේ කෙසේද?|குழுச் சுற்றுலாவை உருவாக்குவது எப்படி?
Open Group Tours from Home or Profile, choose Create Group, enter a name and select a destination. You become the group leader.|මුල් පිටුවෙන් හෝ පැතිකඩෙන් කණ්ඩායම් සංචාර විවෘත කර කණ්ඩායමක් සාදන්න තෝරන්න. නම හා ගමනාන්තය ලබා දෙන්න. ඔබ නායකයා වේ.|முகப்பு அல்லது சுயவிவரத்தில் குழுச் சுற்றுலாவைத் திறந்து குழுவை உருவாக்குங்கள். பெயரையும் சேருமிடத்தையும் தேர்ந்தெடுங்கள். நீங்கள் தலைவராவீர்கள்.
How do I join a group?|කණ්ඩායමට එක්වන්නේ කෙසේද?|குழுவில் இணைவது எப்படி?
Choose Join with Code in Group Tours. Signed-in users can join a saved group using its invite code.|කණ්ඩායම් සංචාර තුළ කේතයෙන් එක්වන්න තෝරන්න. පිවිසි පරිශීලකයන්ට ආරාධනා කේතයෙන් එක්විය හැක.|குழுச் சுற்றுலாவில் குறியீட்டுடன் இணைவதைத் தேர்ந்தெடுங்கள். உள்நுழைந்த பயனர்கள் அழைப்புக் குறியீட்டால் இணையலாம்.
How does navigation work?|මාර්ගෝපදේශය ක්‍රියා කරන්නේ කෙසේද?|வழிகாட்டல் எவ்வாறு செயல்படுகிறது?
Select a place and tap Navigate. Allow GPS to preview a real route. Start Route Guidance for live location; voice guidance is not provided.|ස්ථානයක් තෝරා මාර්ගය බලන්න ඔබන්න. සැබෑ මාර්ගයක් බැලීමට GPS අවසරය දෙන්න. සජීවී ස්ථානයට මඟපෙන්වීම අරඹන්න; හඬ උපදෙස් නොමැත.|இடத்தைத் தேர்ந்தெடுத்து வழியைப் பாருங்கள். உண்மையான வழிக்காக GPS அனுமதி அளியுங்கள். நேரடி இருப்பிடத்திற்காக வழிகாட்டலைத் தொடங்குங்கள்; குரல் வழிகாட்டல் இல்லை.
How do I change my language?|භාෂාව වෙනස් කරන්නේ කෙසේද?|மொழியை மாற்றுவது எப்படி?
Open Profile → Language and choose English, Sinhala or Tamil. The app updates and saves your signed-in preference.|පැතිකඩ → භාෂාව විවෘත කර ඉංග්‍රීසි, සිංහල හෝ දෙමළ තෝරන්න. යෙදුම වෙනස් වී ගිණුමේ තේරීම සුරැකේ.|சுயவிவரம் → மொழியைத் திறந்து ஆங்கிலம், சிங்களம் அல்லது தமிழைத் தேர்ந்தெடுங்கள். செயலி மாறி விருப்பம் கணக்கில் சேமிக்கப்படும்.
How do I edit my profile?|පැතිකඩ සංස්කරණය කරන්නේ කෙසේද?|சுயவிவரத்தைத் திருத்துவது எப்படி?
Open Profile → Edit Profile. Save your changes to your signed-in account.|පැතිකඩ → පැතිකඩ සංස්කරණය විවෘත කර වෙනස්කම් ගිණුමේ සුරකින්න.|சுயவிவரம் → சுயவிவரத் திருத்தத்தைத் திறந்து மாற்றங்களைக் கணக்கில் சேமியுங்கள்.
How do I contact support?|සහාය අමතන්නේ කෙසේද?|உதவியைத் தொடர்புகொள்வது எப்படி?
Use Contact Support below to create an academic support request. You can edit, resolve or delete it. Requests are saved for signed-in users but are not sent to a real support team.|පහත සහාය අමතන්න භාවිත කර අධ්‍යයන ඉල්ලීමක් සාදන්න. එය සංස්කරණය, විසඳීම හෝ මකා දැමීම කළ හැක. ඉල්ලීම් ගිණුමේ සුරැකේ; සැබෑ සහාය කණ්ඩායමකට නොයවයි.|கீழே உதவியைத் தொடர்புகொண்டு கல்விக் கோரிக்கையை உருவாக்குங்கள். திருத்தலாம், தீர்க்கலாம் அல்லது நீக்கலாம். கோரிக்கைகள் கணக்கில் சேமிக்கப்படும்; உண்மையான உதவிக் குழுவிற்கு அனுப்பப்படாது.
Where can I find emergency help?|හදිසි සහාය ලබා ගන්නේ කොහෙන්ද?|அவசர உதவியை எங்கு பெறலாம்?
Use Open Emergency Support below for the existing safety screen. Local support requests are not monitored for emergencies.|ආරක්ෂක තිරයට පහත හදිසි සහාය විවෘත කරන්න භාවිත කරන්න. පෞද්ගලික සහාය ඉල්ලීම් හදිසි අවස්ථා සඳහා අධීක්ෂණය නොකෙරේ.|பாதுகாப்புத் திரைக்காக கீழே அவசர உதவியைத் திறக்கவும். தனிப்பட்ட உதவிக் கோரிக்கைகள் அவசரங்களுக்காக கண்காணிக்கப்படாது.
Admin Panel|පරිපාලක පැනලය|நிர்வாகப் பலகம்
Historical Places|ඓතිහාසික ස්ථාන|வரலாற்று இடங்கள்
Emergency Contacts|හදිසි සම්බන්ධතා|அவசரத் தொடர்புகள்
Review Moderation|අදහස් අධීක්ෂණය|கருத்துக் கண்காணிப்பு
Add Place|ස්ථානයක් එක් කරන්න|இடத்தைச் சேருங்கள்
Add Contact|සම්බන්ධතාවක් එක් කරන්න|தொடர்பைச் சேருங்கள்
Save Place|ස්ථානය සුරකින්න|இடத்தைச் சேமியுங்கள்
Save Contact|සම්බන්ධතාව සුරකින්න|தொடர்பைச் சேமியுங்கள்
Name|නම|பெயர்
City|නගරය|நகரம்
District|දිස්ත්‍රික්කය|மாவட்டம்
Description|විස්තරය|விவரம்
Latitude|අක්ෂාංශය|அகலாங்கு
Longitude|දේශාංශය|நெட்டாங்கு
Active|සක්‍රිය|செயலில்
Inactive|අක්‍රිය|செயலற்றது
Verified|තහවුරු කළ|சரிபார்க்கப்பட்டது
Unverified|තහවුරු නොකළ|சரிபார்க்கப்படாதது
Featured|විශේෂ|சிறப்பு
Other|වෙනත්|வேறு
Status|තත්ත්වය|நிலை
All places|සියලු ස්ථාන|அனைத்து இடங்கள்
Search reviews|අදහස් සොයන්න|கருத்துகளைத் தேடுங்கள்
Search contacts|සම්බන්ධතා සොයන්න|தொடர்புகளைத் தேடுங்கள்
Search places|ස්ථාන සොයන්න|இடங்களைத் தேடுங்கள்
No reviews match this view.|මෙම දසුනට ගැළපෙන අදහස් නැත.|இந்தக் காட்சிக்குப் பொருத்தமான கருத்துகள் இல்லை.
Admin access required|පරිපාලක අවසරය අවශ්‍යයි|நிர்வாக அனுமதி தேவை
This area is available only to authorized administrators. Return to your profile.|මෙම කොටස අවසර ලත් පරිපාලකයන්ට පමණි. පැතිකඩට යන්න.|இந்தப் பகுதி அனுமதியுள்ள நிர்வாகிகளுக்கு மட்டும். சுயவிவரத்திற்குத் திரும்புங்கள்.
Choose a destination|ගමනාන්තයක් තෝරන්න|சேருமிடத்தைத் தேர்ந்தெடுங்கள்
Sri Lanka|ශ්‍රී ලංකාව|இலங்கை
Explore • Discover • Preserve|ගවේෂණය • සොයාගැනීම • සංරක්ෂණය|ஆராயுங்கள் • கண்டறியுங்கள் • பாதுகாக்குங்கள்
or|හෝ|அல்லது
Placeholder image|තාවකාලික රූපය|மாற்றுப் படம்
Not verified|තහවුරු කර නැත|சரிபார்க்கப்படவில்லை
Demo information - confirm current hours and fees before visiting.|නිදර්ශන තොරතුරුය. යාමට පෙර වත්මන් වේලාවන් හා ගාස්තු තහවුරු කරන්න.|எடுத்துக்காட்டுத் தகவல். செல்லும் முன் தற்போதைய நேரத்தையும் கட்டணத்தையும் உறுதிப்படுத்துங்கள்.
Opening hours|විවෘත වේලාවන්|திறக்கும் நேரம்
Entry fee|ඇතුළත් වීමේ ගාස්තුව|நுழைவுக் கட்டணம்
Demo audio guide|නිදර්ශන හඬ මාර්ගෝපදේශය|எடுத்துக்காட்டு ஒலி வழிகாட்டி
UI preview only. No audio recording is playing.|තිර පෙරදසුනක් පමණි. හඬ පටිගත කිරීමක් වාදනය නොවේ.|திரை முன்னோட்டம் மட்டும். ஒலிப்பதிவு இயக்கப்படவில்லை.
Play demo|නිදර්ශනය අරඹන්න|எடுத்துக்காட்டை இயக்குங்கள்
Pause demo|නිදර්ශනය නවත්වන්න|எடுத்துக்காட்டை இடைநிறுத்துங்கள்
Demo playback progress|නිදර්ශන වාදන ප්‍රගතිය|எடுத்துக்காட்டு இயக்க முன்னேற்றம்
Architecture / Significance|ගෘහ නිර්මාණය සහ වැදගත්කම|கட்டிடக்கலையும் முக்கியத்துவமும்
Personal notes are saved to your signed-in account.|පෞද්ගලික සටහන් පිවිසි ගිණුමේ සුරැකේ.|தனிப்பட்ட குறிப்புகள் கணக்கில் சேமிக்கப்படும்.
restaurant|අවන්හල්|உணவகங்கள்
cafe|කැෆේ|சிற்றுண்டிச்சாலைகள்
restroom|වැසිකිළි|கழிப்பறைகள்
parking|රථගාල්|வாகன நிறுத்தங்கள்
hospital|රෝහල්|மருத்துவமனைகள்
atm|මුදල් යන්ත්‍ර|பண இயந்திரங்கள்
police|පොලිසිය|காவல்துறை
information|තොරතුරු|தகவல்
To share location, open a group and start sharing in Group Tracking.|ස්ථානය බෙදා ගැනීමට කණ්ඩායමක් විවෘත කර කණ්ඩායම් ස්ථාන තිරයෙන් බෙදාගැනීම අරඹන්න.|இருப்பிடத்தைப் பகிர குழுவைத் திறந்து குழு இருப்பிடத் திரையில் பகிர்வைத் தொடங்குங்கள்.
Calling and verified contact data are not connected in this demo. Use verified emergency services when necessary.|මෙම නිදර්ශනයේ ඇමතුම් හා තහවුරු කළ සම්බන්ධතා නැත. අවශ්‍ය විට තහවුරු කළ හදිසි සේවා භාවිත කරන්න.|இந்த எடுத்துக்காட்டில் அழைப்புகளும் சரிபார்க்கப்பட்ட தொடர்புகளும் இணைக்கப்படவில்லை. தேவைப்படும்போது சரிபார்க்கப்பட்ட அவசரச் சேவைகளைப் பயன்படுத்துங்கள்.
Call (not connected)|අමතන්න (සම්බන්ධ කර නැත)|அழையுங்கள் (இணைக்கப்படவில்லை)
Number will be provided through verified service data|තහවුරු කළ සේවා දත්ත මඟින් අංකය ලබා දෙනු ඇත|சரிபார்க்கப்பட்ட சேவைத் தரவிலிருந்து எண் வழங்கப்படும்
Verified contact data is not connected yet.|තහවුරු කළ සම්බන්ධතා දත්ත තවම නැත.|சரிபார்க்கப்பட்ட தொடர்புத் தரவு இன்னும் இணைக்கப்படவில்லை.
Calling functionality will be connected during device integration.|මෙම නිදර්ශනයේ ඇමතුම් පහසුකම සම්බන්ධ කර නැත.|இந்த எடுத்துக்காட்டில் அழைப்பு வசதி இணைக்கப்படவில்லை.
Tourist Assistance|සංචාරක සහාය|சுற்றுலாப் பயணி உதவி
Nearest Medical Facility|ළඟම වෛද්‍ය පහසුකම|அருகிலுள்ள மருத்துவ வசதி
You will lead this group. Added demo members are demonstration entries, not real user accounts.|ඔබ කණ්ඩායමේ නායකයාය. එක් කළ නිදර්ශන සාමාජිකයන් සැබෑ පරිශීලක ගිණුම් නොවේ.|குழுவின் தலைவர் நீங்கள். சேர்த்த எடுத்துக்காட்டு உறுப்பினர்கள் உண்மையான பயனர் கணக்குகள் அல்ல.
Choose a group you belong to from Group Tours.|කණ්ඩායම් සංචාර තුළ ඔබේ කණ්ඩායමක් තෝරන්න.|குழுச் சுற்றுலாவில் உங்கள் குழுவைத் தேர்ந்தெடுங்கள்.
Group location sharing available|කණ්ඩායම් ස්ථාන බෙදාගැනීම ලබා ගත හැක|குழு இருப்பிடப் பகிர்வு கிடைக்கிறது
Tracking disabled|ස්ථාන බැලීම අක්‍රියයි|இருப்பிடக் கண்காணிப்பு முடக்கப்பட்டுள்ளது
Check Group Tracking for live sharing status.|සජීවී බෙදාගැනීමේ තත්ත්වයට කණ්ඩායම් ස්ථාන බලන්න.|நேரடி பகிர்வு நிலைக்கு குழு இருப்பிடங்களைப் பாருங்கள்.
No destination selected|ගමනාන්තයක් තෝරා නැත|சேருமிடம் தேர்ந்தெடுக்கப்படவில்லை
More group actions|තවත් කණ්ඩායම් ක්‍රියා|மேலும் குழுச் செயல்கள்
Category is required|වර්ගය අවශ්‍යයි|வகை தேவை
Subject is required|මාතෘකාව අවශ්‍යයි|தலைப்பு தேவை
Message is required|පණිවිඩය අවශ්‍යයි|செய்தி தேவை
Subject must be 100 characters or fewer|මාතෘකාව අක්ෂර 100කට නොවැඩි විය යුතුයි|தலைப்பு 100 எழுத்துகளுக்கு மிகாமல் இருக்க வேண்டும்
Message must be 1000 characters or fewer|පණිවිඩය අක්ෂර 1000කට නොවැඩි විය යුතුයි|செய்தி 1000 எழுத்துகளுக்கு மிகாமல் இருக்க வேண்டும்
Feature will be connected in a later module.|මෙම පහසුකම තවම ලබා ගත නොහැක.|இந்த வசதி இன்னும் கிடைக்கவில்லை.
{0} saved places ? {1} saved itineraries|සුරැකි ස්ථාන {0} ? සුරැකි ගමන් සැලසුම් {1}|சேமித்த இடங்கள் {0} ? சேமித்த பயணத் திட்டங்கள் {1}
{0} members|සාමාජිකයන් {0}|{0} உறுப்பினர்கள்
Destination: {0}|ගමනාන්තය: {0}|சேருமிடம்: {0}
Updated {0}|යාවත්කාලීන කළේ {0}|புதுப்பிக்கப்பட்டது {0}
Select Date: {0}|දිනය තෝරන්න: {0}|தேதியைத் தேர்ந்தெடுங்கள்: {0}
Distance: {0} km|දුර: කි.මී. {0}|தூரம்: {0} கி.மீ.
Estimated time: {0} min|ඇස්තමේන්තුගත කාලය: විනාඩි {0}|மதிப்பிடப்பட்ட நேரம்: {0} நிமிடங்கள்
Mode: {0}|ගමන් ක්‍රමය: {0}|பயண முறை: {0}
{0} stars|තරු {0}|{0} நட்சத்திரங்கள்
Delete the review by {0}? This cannot be undone.|{0}ගේ අදහස මකන්නද? මෙය නැවත ලබා ගත නොහැක.|{0} எழுதிய கருத்தை நீக்கவா? இதை மீட்டெடுக்க முடியாது.
Route unavailable: {0}. Check your connection and retry.|මාර්ගය ලබා ගත නොහැක: {0}. සම්බන්ධතාව පරීක්ෂා කර නැවත උත්සාහ කරන්න.|வழி கிடைக்கவில்லை: {0}. இணைப்பைச் சரிபார்த்து மீண்டும் முயற்சியுங்கள்.
offline|සම්බන්ධතාව නොමැත|இணைப்பு இல்லை
timeout|කාලය ඉක්මවීය|நேரம் முடிந்தது
server|සේවාදායක දෝෂයකි|சேவையகப் பிழை
malformed|වැරදි දත්ත ලැබිණි|தவறான தரவு கிடைத்தது
noRoute|මාර්ගයක් හමු නොවීය|வழி கிடைக்கவில்லை
Cloud save was not confirmed. Reload before continuing.|දත්ත සුරැකීම තහවුරු වී නැත. ඉදිරියට යාමට පෙර නැවත පූරණය කරන්න.|தரவு சேமிப்பு உறுதிப்படுத்தப்படவில்லை. தொடரும் முன் மீளேற்றுங்கள்.
{0} places|ස්ථාන {0}|{0} இடங்கள்
{0} places to return to|නැවත නැරඹීමට ස්ථාන {0}|மீண்டும் பார்க்க {0} இடங்கள்
{0} saved journeys|සුරැකි සංචාර {0}|சேமித்த பயணங்கள் {0}
{0} removed|{0} ඉවත් කළා|{0} அகற்றப்பட்டது
Stop {0}|නැවතුම {0}|இடம் {0}
{0} · {1} stops|{0} · නැවතුම් {1}|{0} · {1} இடங்கள்
{0} • Created {1}|{0} • සාදන ලද්දේ {1}|{0} • உருவாக்கப்பட்டது {1}
Leader: {0}|නායකයා: {0}|தலைவர்: {0}
Delete {0}?|{0} මකන්නද?|{0} ஐ நீக்கவா?
{0}/5 stars|තරු 5න් {0}|5 இல் {0} நட்சத்திரங்கள்
Approx. 1 hour|පැයක් පමණ|சுமார் ஒரு மணி நேரம்
Approx. 2 hours|පැය දෙකක් පමණ|சுமார் இரண்டு மணி நேரம்
Save {0} to favorites|{0} ප්‍රියතම ලැයිස්තුවට සුරකින්න|{0} ஐ விருப்பத்தில் சேமியுங்கள்
Remove {0} from favorites|{0} ප්‍රියතම ලැයිස්තුවෙන් ඉවත් කරන්න|{0} ஐ விருப்பத்திலிருந்து நீக்குங்கள்
Remove {0}|{0} ඉවත් කරන්න|{0} ஐ நீக்குங்கள்
Respect local customs|දේශීය චාරිත්‍ර ගරු කරන්න|உள்ளூர் பழக்கங்களை மதியுங்கள்
Follow site signage|ස්ථානයේ සලකුණු අනුව යන්න|இடத்தின் வழிக்குறிகளைப் பின்பற்றுங்கள்
Carry drinking water where appropriate|අවශ්‍ය විට පානීය ජලය රැගෙන යන්න|தேவையானபோது குடிநீரை எடுத்துச் செல்லுங்கள்
Keep heritage areas clean|උරුම ස්ථාන පිරිසිදුව තබන්න|பாரம்பரிய இடங்களைச் சுத்தமாக வைத்திருங்கள்
Architectural character|ගෘහ නිර්මාණ ලක්ෂණ|கட்டிடக்கலைத் தன்மை
Follow official guidance and respect local heritage.|නිල උපදෙස් පිළිපදිමින් දේශීය උරුමයට ගරු කරන්න.|அதிகாரப்பூர்வ வழிமுறைகளைப் பின்பற்றி உள்ளூர் பாரம்பரியத்தை மதியுங்கள்.
Saved itinerary|සුරැකි ගමන් සැලැස්ම|சேமித்த பயணத் திட்டம்
Sigiriya preserves the remains of a historic rock-top fortress and landscaped gardens.|සීගිරිය ඓතිහාසික පර්වත බලකොටුවක සහ අලංකාර උද්‍යානවල නටබුන් සුරකියි.|சிகிரியா வரலாற்றுச் சிறப்புமிக்க குன்றுக் கோட்டையின் எச்சங்களையும் அழகிய தோட்டங்களையும் பாதுகாக்கிறது.
Kandy was a royal capital. The Temple of the Sacred Tooth Relic is an important Buddhist cultural site in the city.|මහනුවර රාජධානියක අගනුවර විය. ශ්‍රී දළදා මාලිගාව නගරයේ වැදගත් බෞද්ධ සංස්කෘතික ස්ථානයකි.|கண்டி அரச தலைநகரமாக இருந்தது. புனித தந்த தாது ஆலயம் நகரத்தின் முக்கிய பௌத்த பண்பாட்டுத் தலமாகும்.
Galle Fort reflects the colonial history of Sri Lanka through its fortifications and historic streets.|ගාල්ල කොටුවේ ආරක්ෂක බැමි සහ ඓතිහාසික වීදි ශ්‍රී ලංකාවේ යටත්විජිත ඉතිහාසය පිළිබිඹු කරයි.|காலிக் கோட்டையின் அரண்களும் வரலாற்று வீதிகளும் இலங்கையின் காலனித்துவ வரலாற்றைப் பிரதிபலிக்கின்றன.
The Dambulla cave-temple complex preserves Buddhist murals and statues.|දඹුල්ල ලෙන් විහාර සංකීර්ණය බෞද්ධ බිතුසිතුවම් සහ ප්‍රතිමා සුරකියි.|தம்புள்ளை குகைக் கோவில் வளாகம் பௌத்த சுவரோவியங்களையும் சிலைகளையும் பாதுகாக்கிறது.
Polonnaruwa was a capital of Sri Lanka. Its archaeological remains include ancient buildings and religious monuments.|පොළොන්නරුව ශ්‍රී ලංකාවේ අගනුවරක් විය. එහි පුරාවිද්‍යාත්මක නටබුන් අතර පුරාණ ගොඩනැගිලි සහ ආගමික ස්මාරක ඇත.|பொலன்னறுவை இலங்கையின் தலைநகரமாக இருந்தது. அதன் தொல்லியல் எச்சங்களில் பழமையான கட்டடங்களும் சமய நினைவுச் சின்னங்களும் அடங்கும்.
Anuradhapura was an ancient capital and remains a sacred city with Buddhist monuments.|අනුරාධපුරය පුරාණ අගනුවරක් වූ අතර බෞද්ධ ස්මාරක සහිත පූජනීය නගරයක් ලෙස පවතී.|அனுராதபுரம் பண்டைய தலைநகரமாக இருந்ததுடன் பௌத்த நினைவுச் சின்னங்களைக் கொண்ட புனித நகரமாகவும் விளங்குகிறது.
Fortifications and surviving structures help visitors explore the architectural character of this heritage site.|ආරක්ෂක බැමි සහ ඉතිරිව ඇති ගොඩනැගිලි මෙම උරුම ස්ථානයේ වාස්තු විද්‍යාත්මක ලක්ෂණ හඳුනාගැනීමට උපකාරී වේ.|அரண்களும் எஞ்சியுள்ள கட்டமைப்புகளும் இந்த மரபுத் தலத்தின் கட்டடக்கலையை அறிய உதவுகின்றன.
Religious art and architecture are part of the cultural significance of this site.|ආගමික කලාව සහ වාස්තු විද්‍යාව මෙම ස්ථානයේ සංස්කෘතික වැදගත්කමේ කොටසකි.|சமயக் கலையும் கட்டடக்கலையும் இந்தத் தலத்தின் பண்பாட்டு முக்கியத்துவத்தின் பகுதிகளாகும்.
Archaeological remains provide an introduction to the built heritage of an ancient city.|පුරාවිද්‍යාත්මක නටබුන් පුරාණ නගරයක ගොඩනැගිලි උරුමය හඳුනාගැනීමට මඟ පෙන්වයි.|தொல்லியல் எச்சங்கள் பண்டைய நகரத்தின் கட்டட மரபை அறிமுகப்படுத்துகின்றன.
★ {0} ({1})|★ {0} ({1})|★ {0} ({1})
Average rating {0} out of 5 from {1} reviews|සමාලෝචන {1}කින් ලැබුණු සාමාන්‍ය අගය 5න් {0}යි|{1} கருத்துகளின் சராசரி மதிப்பீடு 5 இல் {0}
{0} stars out of 5|තරු 5න් {0}යි|5 நட்சத்திரங்களில் {0}
Hospital / Medical|රෝහල් / වෛද්‍ය|மருத்துவமனை / மருத்துவம்
Pharmacy|ඖෂධාලය|மருந்தகம்
Restaurant / Food|අවන්හල් / ආහාර|உணவகம் / உணவு
Public Toilet|පොදු වැසිකිළිය|பொதுக் கழிப்பறை
Fuel Station|ඉන්ධන පිරවුම්හල|எரிபொருள் நிலையம்
Unnamed facility|නම නොදක්වන පහසුකම|பெயர் குறிப்பிடாத வசதி
Approx. {0} m away (direct)|සෘජුව ආසන්න වශයෙන් මීටර් {0}ක් දුරින්|நேரடித் தொலைவு சுமார் {0} மீ
Approx. {0} km away (direct)|සෘජුව ආසන්න වශයෙන් කි.මී. {0}ක් දුරින්|நேரடித் தொலைவு சுமார் {0} கி.மீ.
Address unavailable|ලිපිනය නොමැත|முகவரி கிடைக்கவில்லை
OSM opening hours: {0}|OSM අනුව විවෘත වේලාවන්: {0}|OSM திறந்திருக்கும் நேரம்: {0}
OSM phone (unverified): {0}|OSM දුරකථනය (තහවුරු කර නැත): {0}|OSM தொலைபேசி (சரிபார்க்கப்படவில்லை): {0}
View on Map|සිතියමේ බලන්න|வரைபடத்தில் காண்க
Allow location to search nearby facilities.|අවට පහසුකම් සෙවීමට ස්ථාන අවසර ලබා දෙන්න.|அருகிலுள்ள வசதிகளைத் தேட இருப்பிட அனுமதி வழங்குங்கள்.
Location permission denied. Allow location to search nearby facilities.|ස්ථාන අවසර ප්‍රතික්ෂේප කර ඇත. අවට පහසුකම් සෙවීමට අවසර ලබා දෙන්න.|இருப்பிட அனுமதி மறுக்கப்பட்டது. அருகிலுள்ள வசதிகளைத் தேட அனுமதி வழங்குங்கள்.
Nearby search unavailable. Check your internet connection.|අවට පහසුකම් සෙවිය නොහැක. අන්තර්ජාල සම්බන්ධතාව පරීක්ෂා කරන්න.|அருகிலுள்ள வசதிகளைத் தேட முடியவில்லை. இணைய இணைப்பைச் சரிபாருங்கள்.
Nearby search timed out. Retry or choose a smaller radius.|අවට සෙවීමේ කාලය ඉක්මවා ඇත. නැවත උත්සාහ කරන්න හෝ අඩු පරාසයක් තෝරන්න.|தேடல் நேரம் முடிந்தது. மீண்டும் முயலுங்கள் அல்லது குறைந்த சுற்றளவைத் தேர்ந்தெடுங்கள்.
Overpass is busy. Wait a minute before trying again.|Overpass කාර්යබහුලයි. නැවත උත්සාහ කිරීමට පෙර විනාඩියක් රැඳී සිටින්න.|Overpass சேவை நெரிசலாக உள்ளது. ஒரு நிமிடம் காத்திருந்து மீண்டும் முயலுங்கள்.
Nearby search server unavailable. Try again later.|අවට සෙවීමේ සේවාදායකය නොමැත. පසුව නැවත උත්සාහ කරන්න.|அருகிலுள்ள வசதிகளின் தேடல் சேவையகம் கிடைக்கவில்லை. பின்னர் முயலுங்கள்.
Nearby search returned incomplete or invalid data. Try again.|අවට සෙවීමෙන් අසම්පූර්ණ හෝ වැරදි දත්ත ලැබුණි. නැවත උත්සාහ කරන්න.|தேடலில் முழுமையற்ற அல்லது செல்லாத தரவு கிடைத்தது. மீண்டும் முயலுங்கள்.
Nearby search unavailable. Try again.|අවට පහසුකම් සෙවිය නොහැක. නැවත උත්සාහ කරන්න.|அருகிலுள்ள வசதிகளைத் தேட முடியவில்லை. மீண்டும் முயலுங்கள்.
Useful places near your current location|ඔබගේ වත්මන් ස්ථානය අවට ප්‍රයෝජනවත් ස්ථාන|உங்கள் தற்போதைய இருப்பிடத்திற்கு அருகிலுள்ள பயனுள்ள இடங்கள்
Search sends your GPS coordinates to Overpass. Results are OpenStreetMap listings, not verified emergency contacts. No search history is saved.|සෙවීමේදී GPS ඛණ්ඩාංක Overpass වෙත යවයි. ප්‍රතිඵල OpenStreetMap ලැයිස්තුය; තහවුරු කළ හදිසි ඇමතුම් නොවේ. සෙවුම් ඉතිහාසය සුරකින්නේ නැත.|தேடல் உங்கள் GPS ஆயங்களை Overpass-க்கு அனுப்பும். முடிவுகள் OpenStreetMap பதிவுகள்; சரிபார்க்கப்பட்ட அவசரத் தொடர்புகள் அல்ல. தேடல் வரலாறு சேமிக்கப்படாது.
Search radius|සෙවුම් පරාසය|தேடல் சுற்றளவு
{0} km|කි.මී. {0}|{0} கி.மீ.
Refresh|යළි ලබා ගන්න|புதுப்பி
Searching nearby facilities…|අවට පහසුකම් සොයමින්…|அருகிலுள்ள வசதிகளைத் தேடுகிறது…
Proximity is measured directly from the search GPS fix. Navigation uses real road or walking routes.|දුර මනිනු ලබන්නේ සෙවීමට භාවිත කළ GPS ස්ථානයෙන් සෘජුවය. ගමන් මඟ සඳහා සැබෑ මාර්ග හෝ පාගමන් මං භාවිත කරයි.|அண்மைத் தொலைவு தேடலின் GPS இருப்பிடத்திலிருந்து நேரடியாக அளவிடப்படுகிறது. வழிகாட்டலுக்கு உண்மையான சாலை அல்லது நடைப்பாதை பயன்படுத்தப்படும்.
Try again|නැවත උත්සාහ කරන්න|மீண்டும் முயலுங்கள்
{0} facilities found|පහසුකම් {0}ක් හමු විය|{0} வசதிகள் கண்டறியப்பட்டன
Try another search, category or radius. OpenStreetMap coverage varies.|වෙනත් සෙවීමක්, වර්ගයක් හෝ පරාසයක් උත්සාහ කරන්න. OpenStreetMap දත්ත ආවරණය වෙනස් විය හැක.|வேறு தேடல், வகை அல்லது சுற்றளவை முயலுங்கள். OpenStreetMap தரவு கிடைப்பது இடத்திற்கேற்ப மாறும்.
Showing first {0} matches. Narrow your search for more.|පළමු ප්‍රතිඵල {0} පෙන්වයි. තවත් බැලීමට සෙවීම වඩා නිශ්චිත කරන්න.|முதல் {0} முடிவுகள் காட்டப்படுகின்றன. மேலும் காண தேடலைக் குறுக்குங்கள்.
Selected facility|තෝරාගත් පහසුකම|தேர்ந்தெடுத்த வசதி
Access verified emergency contacts and OpenStreetMap nearby facilities.|තහවුරු කළ හදිසි ඇමතුම් සහ OpenStreetMap අවට පහසුකම් වෙත පිවිසෙන්න.|சரிபார்க்கப்பட்ட அவசரத் தொடர்புகளையும் OpenStreetMap அருகிலுள்ள வசதிகளையும் அணுகுங்கள்.
